job_id,job_name,company_name,job_location,job_link,query
853c6cafea182d07,Business Management Analyst Intern/Co-op (Fall 2024),TD Bank,"Toronto, ON",https://ph.indeed.com/viewjob?jk=853c6cafea182d07,Business Analyst Fall 2024 Co-op
574a14ff7904867e,Financial Data & Business Analyst Fall 2024 Co-op Students,Irving Business Services,"Saint John, NB",https://ph.indeed.com/viewjob?jk=574a14ff7904867e,Business Analyst Fall 2024 Co-op
f18b79e85101892f,"2024 CAE Group, Fall Business Analyst Co-op (4 Months)",Royal Bank of Canada,"Toronto, ON",https://ph.indeed.com/viewjob?jk=f18b79e85101892f,Business Analyst Fall 2024 Co-op
1e8ea536495046ef,Analytics and Insights Intern/Co-op (Fall 2024),TD Bank,"Toronto, ON",https://ph.indeed.com/viewjob?jk=1e8ea536495046ef,Business Analyst Fall 2024 Co-op
502cfac9b26261c7,Velocity - Data Analyst Internship/Co-Op - Fall 2024,Scotiabank,"Toronto, ON",https://ph.indeed.com/viewjob?jk=502cfac9b26261c7,Business Analyst Fall 2024 Co-op
dc2ae4bd3b0a918b,Velocity - Business Analyst Internship/Co-Op - Fall 2024,Scotiabank,"Toronto, ON",https://ph.indeed.com/viewjob?jk=dc2ae4bd3b0a918b,Business Analyst Fall 2024 Co-op
dedc009dd5039544,Wealth Automation Change Analyst Intern/Co-op (Fall 2024),TD Bank,"Toronto, ON",https://ph.indeed.com/viewjob?jk=dedc009dd5039544,Business Analyst Fall 2024 Co-op
41f319db337ee5a9,Software Engineer Co-Op - Sports Tech (8 Months - Fall 2024),Electronic Arts,"Vancouver, BC",https://ph.indeed.com/viewjob?jk=41f319db337ee5a9,Business Analyst Fall 2024 Co-op
a8cbfd11fa9e5f66,Commercial National Accounts Analyst Intern/Co-op (Fall 2024),TD Bank,"Vancouver, BC",https://ph.indeed.com/viewjob?jk=a8cbfd11fa9e5f66,Business Analyst Fall 2024 Co-op
e243abb7e2b2eb41,Distribution & Geospatial Intelligence Analyst Intern/Co-op (FALL 2024),TD Bank,"Toronto, ON",https://ph.indeed.com/viewjob?jk=e243abb7e2b2eb41,Business Analyst Fall 2024 Co-op
e9c7490964b1e9d3,Compliance Business Analyst Intern/Co-op,TD Bank,"Toronto, ON",https://ph.indeed.com/viewjob?jk=e9c7490964b1e9d3,Business Analyst Fall 2024 Co-op
7c8f6f79b2788954,"Intern Analyst, Private Equity (Fall 2024)","Connor, Clark & Lunn Financial Group","Toronto, ON",https://ph.indeed.com/viewjob?jk=7c8f6f79b2788954,Business Analyst Fall 2024 Co-op
be7bc49d18a6c6aa,Governance & Control Analyst Intern/Co-op (FALL 2024),TD Bank,"Toronto, ON",https://ph.indeed.com/viewjob?jk=be7bc49d18a6c6aa,Business Analyst Fall 2024 Co-op
ee272a201034d66a,Finance Quality & Assurance Analyst Fall 2024 Co-op Students,Irving Business Services,"Saint John, NB",https://ph.indeed.com/viewjob?jk=ee272a201034d66a,Business Analyst Fall 2024 Co-op
1a908ddc8a730815,Financial Planning & Analysis Fall 2024 Co-op Students,Irving Business Services,"Saint John, NB",https://ph.indeed.com/viewjob?jk=1a908ddc8a730815,Business Analyst Fall 2024 Co-op
570cadbf2f29d78f,Commercial Banking Analyst Intern/Co-op Fall 2024,Scotiabank,"Toronto, ON",https://ph.indeed.com/viewjob?jk=570cadbf2f29d78f,Business Analyst Fall 2024 Co-op
355c3a547994dcf4,TDI Life and Health Shared Services Operations Analyst Intern/Co-op (Fall 2024),TD Bank,"Markham, ON",https://ph.indeed.com/viewjob?jk=355c3a547994dcf4,Business Analyst Fall 2024 Co-op
0ac13c399d5dce34,"Analyst Intern, M&A Analytic Insights, Financial Advisory - Fall 2024 - Toronto",Deloitte,"Hybrid work in Toronto, ON",https://ph.indeed.com/viewjob?jk=0ac13c399d5dce34,Business Analyst Fall 2024 Co-op
4c8e70eb6f667ecb,"Fall 2024 Capital Markets, Data & Reporting Analyst",BMO Financial Group,"Toronto, ON",https://ph.indeed.com/viewjob?jk=4c8e70eb6f667ecb,Business Analyst Fall 2024 Co-op
77e73d442e5e9c06,TD Invent – Enterprise Innovation – Innovation Analyst Intern/Co-op (FALL 2024),TD Bank,"Hybrid work in Waterloo, ON",https://ph.indeed.com/viewjob?jk=77e73d442e5e9c06,Business Analyst Fall 2024 Co-op
95a5924df6529e28,"2024 CFO, Fall Financial Analyst (Co-op), Capital Markets Performance Management (4 Months)",Royal Bank of Canada,"Toronto, ON",https://ph.indeed.com/viewjob?jk=95a5924df6529e28,Business Analyst Fall 2024 Co-op
bc1e842942bb0286,"Global Markets Intern/Co-op, Energy Trading (Fall 2024 - Calgary)",TD Bank,"Calgary, AB",https://ph.indeed.com/viewjob?jk=bc1e842942bb0286,Business Analyst Fall 2024 Co-op
88fc3820fb176ea4,"2024 Fall Student Opportunities Technology & Operations - Business Support, 12 Months",Royal Bank of Canada,"Toronto, ON",https://ph.indeed.com/viewjob?jk=88fc3820fb176ea4,Business Analyst Fall 2024 Co-op
9f82a7efa50e58cf,Internal Audit Fall 2024 Co-op Student,Irving Business Services,"Saint John, NB",https://ph.indeed.com/viewjob?jk=9f82a7efa50e58cf,Business Analyst Fall 2024 Co-op
acc7ce949c46d4a1,Canadian Banking - Accounting Automotive Finance Internship/Co-op - Fall 2024,Scotiabank,"Hamilton, ON",https://ph.indeed.com/viewjob?jk=acc7ce949c46d4a1,Business Analyst Fall 2024 Co-op
60448f2f081994b2,"2024 CFO, Fall Data Analyst, Financial Resource Optimization (8 Months)",Royal Bank of Canada,"Toronto, ON",https://ph.indeed.com/viewjob?jk=60448f2f081994b2,Business Analyst Fall 2024 Co-op
3f0ca70b2ef7a6a2,Actuarial Analyst – 4 Month Co-op/Internship (Fall 2024),Intact,"Toronto, ON",https://ph.indeed.com/viewjob?jk=3f0ca70b2ef7a6a2,Business Analyst Fall 2024 Co-op
7a91a14b1f90e3ad,"2024 Fall Student Opportunities Technology & Operations - Cyber Security Analyst, 4 Months",Royal Bank of Canada,"Toronto, ON",https://ph.indeed.com/viewjob?jk=7a91a14b1f90e3ad,Business Analyst Fall 2024 Co-op
ad4bc3bbc22e62f6,"2024 Fall - GRM, Risk Analyst - Enterprise Risk Reporting Intern (4 Months)",Royal Bank of Canada,"Toronto, ON",https://ph.indeed.com/viewjob?jk=ad4bc3bbc22e62f6,Business Analyst Fall 2024 Co-op
1b46cdfb526c842a,"2024 Fall - GRM, Enterprise Risk Analyst Intern (4 Months)",Royal Bank of Canada,"Toronto, ON",https://ph.indeed.com/viewjob?jk=1b46cdfb526c842a,Business Analyst Fall 2024 Co-op
3de13a0a84624a83,"2024 Fall Capital Markets, Global Markets Analyst (Generalist & Quantitative/Developer)",BMO Financial Group,"Toronto, ON",https://ph.indeed.com/viewjob?jk=3de13a0a84624a83,Business Analyst Fall 2024 Co-op
24b71fd3f4a847c2,"2024 Fall Capital Markets, Investment Banking Analyst Real Estate Brokerage, Toronto",BMO Financial Group,"Toronto, ON",https://ph.indeed.com/viewjob?jk=24b71fd3f4a847c2,Business Analyst Fall 2024 Co-op
5b1238aff892c3c2,Business Analyst Student,JDI IT,"Saint John, NB",https://ph.indeed.com/viewjob?jk=5b1238aff892c3c2,Business Analyst Fall 2024 Co-op
e6904a9c41ab27dd,"2024 Fall - GRM, Risk Analyst - Portfolio Risk Oversight Intern (4 Months)",Royal Bank of Canada,"Toronto, ON",https://ph.indeed.com/viewjob?jk=e6904a9c41ab27dd,Business Analyst Fall 2024 Co-op
902113734a35d05a,"2024 CFO – Fall, Cards, Payments and Transformation Finance Co-op (4 Months)",Royal Bank of Canada,"Toronto, ON",https://ph.indeed.com/viewjob?jk=902113734a35d05a,Business Analyst Fall 2024 Co-op
74393c799aabfa8c,"2024 Fall - RBCx, UX/CX Analyst (4 Months)",Royal Bank of Canada,"Toronto, ON",https://ph.indeed.com/viewjob?jk=74393c799aabfa8c,Business Analyst Fall 2024 Co-op
7fb49cd0429924ff,"Student, Full-Stack Developer (Fall 2024, 4 Months)",OMERS,"Toronto, ON",https://ph.indeed.com/viewjob?jk=7fb49cd0429924ff,Business Analyst Fall 2024 Co-op
8397d8ce008886f1,Wealth Compliance Analyst Intern / Co-Op I,TD Bank,"Toronto, ON",https://ph.indeed.com/viewjob?jk=8397d8ce008886f1,Business Analyst Fall 2024 Co-op
a2bb867f20fd5e7f,"2024 Fall Student Opportunities Technology & Operations - Quality Engineering & Automation, 8 Months",Royal Bank of Canada,"Toronto, ON",https://ph.indeed.com/viewjob?jk=a2bb867f20fd5e7f,Business Analyst Fall 2024 Co-op
88de136d28b165c6,"2024 CFO, Fall Financial Analyst, Wholesale Financial Control (8 Months)",Royal Bank of Canada,"Toronto, ON",https://ph.indeed.com/viewjob?jk=88de136d28b165c6,Business Analyst Fall 2024 Co-op
6e941957d08635a6,Co-op/Intern Developer Experience Engineer role (Fall 2024),Fullscript,Remote,https://ph.indeed.com/viewjob?jk=6e941957d08635a6,Software Developer Fall 2024 Co-op
122f56fe8111cfe4,TD Invent – Enterprise Innovation – Software Developer Intern/Co-op (FALL 2024),TD Bank,"Hybrid work in Waterloo, ON",https://ph.indeed.com/viewjob?jk=122f56fe8111cfe4,Software Developer Fall 2024 Co-op
47c7061690e13f7b,Software Simulation Developer Co-op (Hybrid) - Fall 2024,Kardium,"Burnaby, BC",https://ph.indeed.com/viewjob?jk=47c7061690e13f7b,Software Developer Fall 2024 Co-op
af4257e064d6556b,"Software Developer, Fall 2024 Co-op",D2L,"Kitchener, ON",https://ph.indeed.com/viewjob?jk=af4257e064d6556b,Software Developer Fall 2024 Co-op
a775160ffda797e5,"Test Developer, Fall 2024 Co-op",D2L,"Remote in Kitchener, ON",https://ph.indeed.com/viewjob?jk=a775160ffda797e5,Software Developer Fall 2024 Co-op
d4bf0ae39baafb79,Co-op/Intern Ruby Developer (Fall 2024),Fullscript,Remote,https://ph.indeed.com/viewjob?jk=d4bf0ae39baafb79,Software Developer Fall 2024 Co-op
932f8654aacae336,Co-op Fall 2024 - Software Developer/Tester (Cyber) - 8 months,General Dynamics Mission Systems - Canada,"Calgary, AB",https://ph.indeed.com/viewjob?jk=932f8654aacae336,Software Developer Fall 2024 Co-op
63220d8cf8c77a57,"Software Developer, Co-Op Student, Fall Term 2024",Recollective Inc.,"Hybrid work in Ottawa, ON",https://ph.indeed.com/viewjob?jk=63220d8cf8c77a57,Software Developer Fall 2024 Co-op
26b798a2e4333c20,Co-op Fall 2024 - Software Engineer - 4 Months,General Dynamics Mission Systems - Canada,"Hybrid work in Ottawa, ON",https://ph.indeed.com/viewjob?jk=26b798a2e4333c20,Software Developer Fall 2024 Co-op
f59d4804c60f180b,University Co-Op Full-Stack Software Developer - Fall 2024,SIGNIANT INC,"Ottawa, ON",https://ph.indeed.com/viewjob?jk=f59d4804c60f180b,Software Developer Fall 2024 Co-op
6bce43b5270856ae,Software Engineer Co-Op - NHL (8 Months - Fall 2024),Electronic Arts,"Vancouver, BC",https://ph.indeed.com/viewjob?jk=6bce43b5270856ae,Software Developer Fall 2024 Co-op
41aad74758a37051,Customer Issue Investigation Co-op Fall 2024,Ericsson,"Ottawa, ON",https://ph.indeed.com/viewjob?jk=41aad74758a37051,Software Developer Fall 2024 Co-op
eb43620d3a9d8a35,Co-op Fall 2024 - Engineering Developer - 4-8 Months,General Dynamics Mission Systems - Canada,"Ottawa, ON",https://ph.indeed.com/viewjob?jk=eb43620d3a9d8a35,Software Developer Fall 2024 Co-op
d5911b4d289e9021,Portfolio Analytics Intern/Co-op (Fall 2024),TD Bank,"Toronto, ON",https://ph.indeed.com/viewjob?jk=d5911b4d289e9021,Software Developer Fall 2024 Co-op
8cd9a7aa07c21de2,"2024 Fall Student Opportunities Technology & Operations - Software Developer, 8 Months",Royal Bank of Canada,"Toronto, ON",https://ph.indeed.com/viewjob?jk=8cd9a7aa07c21de2,Software Developer Fall 2024 Co-op
d1fea179d66f8c68,Digital Hardware Co-op Fall Season,Ericsson,"Ottawa, ON",https://ph.indeed.com/viewjob?jk=d1fea179d66f8c68,Software Developer Fall 2024 Co-op
819683cb900f69ea,Digital Transformation Coop Fall Season,Ericsson,"Hybrid work in Ottawa, ON",https://ph.indeed.com/viewjob?jk=819683cb900f69ea,Software Developer Fall 2024 Co-op
4f8379a58aeb4a8b,Velocity - Data Scientist Internship/Co-Op - Fall 2024,Scotiabank,"Toronto, ON",https://ph.indeed.com/viewjob?jk=4f8379a58aeb4a8b,Software Developer Fall 2024 Co-op
bfbec16f117e90b0,Information Technology (IT) Team - Canada Wide 2024,Canadian Musicians Co-operative,"Hybrid work in Barrie, ON",https://ph.indeed.com/viewjob?jk=bfbec16f117e90b0,Software Developer Fall 2024 Co-op
